{
	"display": {
		"icon": {
			"item": "minecraft:ghast_tear"
		},
		"title": {
			"translate": "advancements.skyblock.nether.uneasy_alliance.title"
		},
		"description": {
			"translate": "advancements.skyblock.nether.uneasy_alliance.description"
		},
		"frame": "challenge"
	},
	"parent": "skyblock:nether/return_to_sender",
	"criteria": {
		"killed_ghast": {
			"trigger": "minecraft:player_killed_entity",
			"conditions": {
				"entity": {
					"type": "minecraft:ghast",
					"location": {
						"dimension": "overworld"
					}
				}
			}
		}
	}
}
