{
	"display": {
		"icon": {
			"item": "minecraft:ender_pearl",
			"data": 0
		},
		"title": {
			"translate": "advancements.skyblock.collector.ender_pearl.title"
		},
		"description": {
			"translate": "advancements.skyblock.collector.ender_pearl.description"
		}
	},
	"parent": "skyblock:collector/root",
	"criteria": {
		"ender_pearl": {
			"trigger": "minecraft:inventory_changed",
			"conditions" : {
				"items": [
					{
						"item": "minecraft:ender_pearl",
						"count": 16
					}
				]
			}
		}
	}
}
