{
    "display": {
        "icon": {
            "item": "minecraft:dragon_egg"
        },
        "title": {
            "translate": "advancements.skyblock.end.dragon_egg.title"
        },
        "description": {
            "translate": "advancements.skyblock.end.dragon_egg.description"
        },
        "frame": "goal"
    },
    "parent": "skyblock:end/kill_dragon",
    "criteria": {
        "dragon_egg": {
            "trigger": "minecraft:inventory_changed",
            "conditions": {
                "items": [
                    {
                        "item": "minecraft:dragon_egg"
                    }
                ]
            }
        }
    }
}
