{
    "display": {
        "icon": {
            "item": "minecraft:end_crystal"
        },
        "title": {
            "translate": "advancements.skyblock.end.respawn_dragon.title"
        },
        "description": {
            "translate": "advancements.skyblock.end.respawn_dragon.description"
        },
        "frame": "goal"
    },
    "parent": "skyblock:end/kill_dragon",
    "criteria": {
        "summoned_dragon": {
            "trigger": "minecraft:summoned_entity",
            "conditions": {
                "entity": {
                    "type": "ender_dragon"
                }
            }
        }
    }
}
