{
	"display": {
		"icon": {
			"item": "minecraft:emerald_block",
			"data": 0
		},
		"title": {
			"translate": "advancements.skyblock.emerald.title"
		},
		"description": {
			"translate": "advancements.skyblock.emerald.description"
		},
		"frame": "challenge"
	},
	"parent": "skyblock:skyblock/cure_zombie_villager",
	"criteria": {
		"emerald": {
			"trigger": "minecraft:inventory_changed",
			"conditions" : {
				"items": [
					{
						"item": "minecraft:emerald",
						"count": 64
					}
				]
			}
		}
	}
}
