{
	"display": {
		"icon": {
			"item": "minecraft:bone",
			"data": 0
		},
		"title": {
			"translate": "advancements.skyblock.monster.title"
		},
		"description": {
			"translate": "advancements.skyblock.monster.description"
		}
	},
	"parent": "skyblock:skyblock/cobblestone_generator",
	"criteria": {
		"cave_spider": {
			"trigger": "minecraft:player_killed_entity",
			"conditions": {
				"entity": {
					"type": "cave_spider"
				}
			}
		},
		"spider": {
			"trigger": "minecraft:player_killed_entity",
			"conditions": {
				"entity": {
					"type": "spider"
				}
			}
		},
		"zombie_pigman": {
			"trigger": "minecraft:player_killed_entity",
			"conditions": {
				"entity": {
					"type": "zombie_pigman"
				}
			}
		},
		"enderman": {
			"trigger": "minecraft:player_killed_entity",
			"conditions": {
				"entity": {
					"type": "enderman"
				}
			}
		},
		"blaze": {
			"trigger": "minecraft:player_killed_entity",
			"conditions": {
				"entity": {
					"type": "blaze"
				}
			}
		},
		"creeper": {
			"trigger": "minecraft:player_killed_entity",
			"conditions": {
				"entity": {
					"type": "creeper"
				}
			}
		},
		"evoker": {
			"trigger": "minecraft:player_killed_entity",
			"conditions": {
				"entity": {
					"type": "evocation_illager"
				}
			}
		},
		"ghast": {
			"trigger": "minecraft:player_killed_entity",
			"conditions": {
				"entity": {
					"type": "ghast"
				}
			}
		},
		"guardian": {
			"trigger": "minecraft:player_killed_entity",
			"conditions": {
				"entity": {
					"type": "guardian"
				}
			}
		},
		"husk": {
			"trigger": "minecraft:player_killed_entity",
			"conditions": {
				"entity": {
					"type": "husk"
				}
			}
		},
		"magma_cube": {
			"trigger": "minecraft:player_killed_entity",
			"conditions": {
				"entity": {
					"type": "magma_cube"
				}
			}
		},
		"silverfish": {
			"trigger": "minecraft:player_killed_entity",
			"conditions": {
				"entity": {
					"type": "silverfish"
				}
			}
		},
		"skeleton": {
			"trigger": "minecraft:player_killed_entity",
			"conditions": {
				"entity": {
					"type": "skeleton"
				}
			}
		},
		"slime": {
			"trigger": "minecraft:player_killed_entity",
			"conditions": {
				"entity": {
					"type": "slime"
				}
			}
		},
		"stray": {
			"trigger": "minecraft:player_killed_entity",
			"conditions": {
				"entity": {
					"type": "stray"
				}
			}
		},
		"vindicator": {
			"trigger": "minecraft:player_killed_entity",
			"conditions": {
				"entity": {
					"type": "vindication_illager"
				}
			}
		},
		"witch": {
			"trigger": "minecraft:player_killed_entity",
			"conditions": {
				"entity": {
					"type": "witch"
				}
			}
		},
		"wither_skeleton": {
			"trigger": "minecraft:player_killed_entity",
			"conditions": {
				"entity": {
					"type": "wither_skeleton"
				}
			}
		},
		"zombie": {
			"trigger": "minecraft:player_killed_entity",
			"conditions": {
				"entity": {
					"type": "zombie"
				}
			}
		},
		"zombie_villager": {
			"trigger": "minecraft:player_killed_entity",
			"conditions": {
				"entity": {
					"type": "zombie_villager"
				}
			}
		}
	},
	"requirements": [
		[
			"cave_spider",
			"spider",
			"zombie_pigman",
			"enderman",
			"blaze",
			"creeper",
			"evoker",
			"ghast",
			"guardian",
			"husk",
			"magma_cube",
			"silverfish",
			"skeleton",
			"slime",
			"stray",
			"vindicator",
			"witch",
			"wither_skeleton",
			"zombie",
			"zombie_villager"
		]
	]
}
