{
	"display": {
		"icon": {
			"item": "minecraft:wooden_hoe",
			"data": 0
		},
		"title": {
			"translate": "advancements.skyblock.seed.title"
		},
		"description": {
			"translate": "advancements.skyblock.seed.description"
		}
	},
	"parent": "skyblock:skyblock/sapling",
	"criteria": {
		"wheat": {
			"trigger": "minecraft:placed_block",
			"conditions" : {
				"block": "minecraft:wheat"
			}
		},
		"pumpkin": {
			"trigger": "minecraft:placed_block",
			"conditions" : {
				"block": "minecraft:pumpkin_stem"
			}
		},
		"melon": {
			"trigger": "minecraft:placed_block",
			"conditions" : {
				"block": "minecraft:melon_stem"
			}
		},
		"carrot": {
			"trigger": "minecraft:placed_block",
			"conditions" : {
				"block": "minecraft:carrots"
			}
		},
		"potato": {
			"trigger": "minecraft:placed_block",
			"conditions" : {
				"block": "minecraft:potatoes"
			}
		},
		"beetroot": {
			"trigger": "minecraft:placed_block",
			"conditions" : {
				"block": "minecraft:beetroots"
			}
		}
	},
	"requirements": [
		[
			"wheat",
			"pumpkin",
			"melon",
			"carrot",
			"potato",
			"beetroot"
		]
	]
}
