{
	"display": {
		"icon": {
			"item": "minecraft:bow"
		},
		"title": {
			"translate": "advancements.skyblock.shoot_arrow.title"
		},
		"description": {
			"translate": "advancements.skyblock.shoot_arrow.description"
		}
	},
	"parent": "skyblock:skyblock/monster",
	"criteria": {
		"shot_arrow": {
			"trigger": "minecraft:player_hurt_entity",
			"conditions": {
				"damage": {
					"type": {
						"is_projectile": true,
						"direct_entity": {
							"type": "minecraft:arrow"
						}
					}
				}
			}
		}
	}
}
